City,Month,Hour,GHI,Temperature,Humidity
Islamabad,1,0,0.0,8.325806451612904,79.47114695340503
Islamabad,1,1,0.0,8.090143369175628,80.55358422939068
Islamabad,1,2,0.0,7.668637992831542,81.85376344086022
Islamabad,1,3,0.0,7.4037634408602155,82.56827956989247
Islamabad,1,4,0.0,7.185663082437276,83.12437275985663
Islamabad,1,5,0.0,6.934408602150538,83.66003584229391
Islamabad,1,6,0.0,6.588172043010752,84.49820788530467
Islamabad,1,7,10.243189964157706,6.56236559139785,84.22921146953405
Islamabad,1,8,95.8010752688172,7.6853046594982075,81.04462365591398
Islamabad,1,9,214.79301075268816,9.501433691756272,75.61236559139785
Islamabad,1,10,333.70286738351257,11.395878136200716,68.0220430107527
Islamabad,1,11,407.65340501792116,12.983512544802867,61.405913978494624
Islamabad,1,12,421.53440860215056,13.954301075268818,57.4410394265233
Islamabad,1,13,403.2464157706093,14.637992831541219,54.26702508960574
Islamabad,1,14,333.5926523297491,14.977419354838709,52.78673835125448
Islamabad,1,15,222.2353046594982,14.956989247311828,52.48136200716846
Islamabad,1,16,93.79910394265234,14.260573476702508,55.28082437275986
Islamabad,1,17,8.39820788530466,12.704659498207885,61.11075268817205
Islamabad,1,18,0.0,11.559498207885305,65.28136200716845
Islamabad,1,19,0.0,10.825448028673836,67.70752688172044
Islamabad,1,20,0.0,10.153942652329748,70.28691756272401
Islamabad,1,21,0.0,9.639247311827956,72.9478494623656
Islamabad,1,22,0.0,9.148028673835126,75.40304659498209
Islamabad,1,23,0.0008960573476702509,8.695698924731182,77.8163082437276
Islamabad,2,0,0.001176470588235294,11.678039215686274,69.30470588235295
Islamabad,2,1,0.0,11.374509803921569,70.56862745098039
Islamabad,2,2,0.001176470588235294,11.030392156862746,70.96901960784314
Islamabad,2,3,0.004901960784313725,10.716470588235293,71.73803921568627
Islamabad,2,4,0.0031372549019607846,10.317450980392156,73.12137254901961
Islamabad,2,5,0.0,9.868039215686274,74.30333333333333
Islamabad,2,6,0.04764705882352941,9.71156862745098,74.55411764705882
Islamabad,2,7,36.793725490196074,10.015882352941178,73.58647058823529
Islamabad,2,8,171.6829411764706,11.97843137254902,68.01686274509804
Islamabad,2,9,328.5607843137255,14.105490196078431,60.60686274509804
Islamabad,2,10,444.37470588235294,15.835686274509804,54.474901960784315
Islamabad,2,11,515.6092156862745,17.065686274509805,50.11333333333333
Islamabad,2,12,549.4462745098039,18.00294117647059,47.01019607843138
Islamabad,2,13,532.1870588235295,18.558039215686275,45.235882352941175
Islamabad,2,14,459.141568627451,18.9543137254902,44.07529411764706
Islamabad,2,15,329.89372549019606,18.988039215686275,43.5921568627451
Islamabad,2,16,172.16882352941178,18.532745098039218,45.20235294117647
Islamabad,2,17,38.98313725490196,17.25470588235294,49.79843137254902
Islamabad,2,18,0.047254901960784315,15.823921568627451,54.07745098039216
Islamabad,2,19,0.0,14.951372549019608,56.863137254901964
Islamabad,2,20,0.0,14.305490196078432,58.66803921568628
Islamabad,2,21,0.009411764705882352,13.701176470588235,61.02960784313725
Islamabad,2,22,0.001176470588235294,13.14529411764706,63.27607843137255
Islamabad,2,23,0.000980392156862745,12.49764705882353,65.80627450980391
Islamabad,3,0,0.0,14.766483516483516,70.56483516483517
Islamabad,3,1,0.0,14.382967032967034,71.91080586080587
Islamabad,3,2,0.0,14.03095238095238,72.92106227106227
Islamabad,3,3,0.0,13.65054945054945,74.12124542124542
Islamabad,3,4,0.0009157509157509158,13.367399267399268,74.5558608058608
Islamabad,3,5,0.0,13.114468864468865,75.0485347985348
Islamabad,3,6,10.809890109890109,13.01062271062271,75.61941391941392
Islamabad,3,7,110.5941391941392,14.144688644688644,72.43882783882783
Islamabad,3,8,273.328021978022,16.153663003663002,66.24102564102564
Islamabad,3,9,409.10850277264325,17.79297597042514,60.32735674676525
Islamabad,3,10,518.6977900552487,19.19963167587477,55.68968692449356
Islamabad,3,11,597.9503663003663,20.27435897435897,52.13974358974359
Islamabad,3,12,600.1445054945056,21.000915750915752,50.05750915750916
Islamabad,3,13,576.2368131868132,21.46153846153846,48.66098901098901
Islamabad,3,14,500.47930402930405,21.764102564102565,47.77893772893773
Islamabad,3,15,385.19908424908425,21.93040293040293,46.798534798534796
Islamabad,3,16,243.90183150183148,21.761355311355313,47.2
Islamabad,3,17,85.87710622710622,20.765384615384615,50.28040293040293
Islamabad,3,18,5.004212454212454,19.079487179487177,55.94505494505494
Islamabad,3,19,0.0,17.962637362637363,59.528021978021975
Islamabad,3,20,0.0,17.19047619047619,61.84981684981685
Islamabad,3,21,0.0,16.521428571428572,64.06813186813186
Islamabad,3,22,0.0,16.01025641025641,66.0967032967033
Islamabad,3,23,0.0,15.366849816849815,69.13809523809525
Islamabad,4,0,0.000925925925925926,20.11962962962963,60.662777777777784
Islamabad,4,1,0.0,19.618333333333332,62.07333333333333
Islamabad,4,2,0.0,19.150185185185187,63.59055555555556
Islamabad,4,3,0.0022222222222222222,18.651851851851852,64.83907407407408
Islamabad,4,4,0.002777777777777778,18.333333333333332,65.43962962962964
Islamabad,4,5,1.6698148148148149,18.000370370370373,65.93074074074073
Islamabad,4,6,63.47462962962963,18.589074074074073,64.61833333333334
Islamabad,4,7,223.00944444444445,20.574444444444445,59.45092592592592
Islamabad,4,8,405.4505555555555,22.52037037037037,53.13481481481482
Islamabad,4,9,573.0744444444445,24.291111111111114,47.862037037037034
Islamabad,4,10,689.55,25.81388888888889,43.425
Islamabad,4,11,756.6194444444444,26.81388888888889,41.004814814814814
Islamabad,4,12,760.7925925925925,27.448888888888888,39.91685185185185
Islamabad,4,13,755.1496296296297,28.166851851851852,38.28370370370371
Islamabad,4,14,682.6529850746268,28.732649253731346,36.59608208955224
Islamabad,4,15,528.0784644194757,28.91310861423221,35.946816479400745
Islamabad,4,16,337.1091760299625,28.557116104868914,36.62453183520599
Islamabad,4,17,156.15936329588015,27.82191011235955,38.51198501872659
Islamabad,4,18,23.1731843575419,26.17150837988827,42.926629422718804
Islamabad,4,19,0.002407407407407407,24.408703703703704,47.69
Islamabad,4,20,0.0,23.349814814814813,50.41851851851852
Islamabad,4,21,0.0020370370370370373,22.44962962962963,53.218333333333334
Islamabad,4,22,0.0,21.572222222222223,55.97537037037037
Islamabad,4,23,0.001851851851851852,20.813518518518517,58.48537037037037
Islamabad,5,0,0.0,24.89142091152815,49.447721179624665
Islamabad,5,1,0.0,24.498655913978496,49.561021505376345
Islamabad,5,2,0.0,24.119086021505375,49.843548387096774
Islamabad,5,3,0.0,23.57715053763441,52.03629032258065
Islamabad,5,4,0.0,23.021236559139783,53.93091397849462
Islamabad,5,5,12.101612903225806,22.819354838709675,54.74435483870968
Islamabad,5,6,116.07956989247312,24.084408602150535,51.76881720430107
Islamabad,5,7,297.81774193548387,26.35295698924731,45.74811827956989
Islamabad,5,8,490.5508064516129,28.455913978494625,40.20564516129032
Islamabad,5,9,651.4317204301076,30.351344086021506,36.02607526881721
Islamabad,5,10,758.5564516129032,31.744086021505375,33.08091397849462
Islamabad,5,11,819.5846774193549,32.769623655913975,31.04220430107527
Islamabad,5,12,841.255376344086,33.56209677419355,29.251344086021504
Islamabad,5,13,812.3991935483871,34.3008064516129,27.65806451612903
Islamabad,5,14,705.8405913978495,34.645430107526884,27.05698924731183
Islamabad,5,15,543.977688172043,34.729838709677416,26.61478494623656
Islamabad,5,16,362.70725806451617,34.38252688172043,26.90645161290323
Islamabad,5,17,188.59139784946237,33.37096774193548,28.684139784946236
Islamabad,5,18,49.94462365591398,31.82715053763441,32.44865591397849
Islamabad,5,19,0.6774193548387096,30.083333333333332,35.84247311827957
Islamabad,5,20,0.006182795698924731,28.71962365591398,38.611827956989245
Islamabad,5,21,0.0,27.537365591397847,41.10752688172043
Islamabad,5,22,0.0,26.626344086021504,43.82795698924731
Islamabad,5,23,0.0,25.70456989247312,47.18924731182796
Islamabad,6,0,0.0,27.41299435028249,53.429096045197745
Islamabad,6,1,0.0,26.893502824858754,55.39265536723164
Islamabad,6,2,0.0,26.4274011299435,56.911581920903956
Islamabad,6,3,0.0036723163841807906,25.98898305084746,58.3771186440678
Islamabad,6,4,0.0,25.621186440677967,59.37401129943503
Islamabad,6,5,18.892937853107345,25.434463276836155,60.0
Islamabad,6,6,122.09632768361581,26.576271186440678,57.11158192090395
Islamabad,6,7,284.45706214689267,28.23813559322034,51.62683615819209
Islamabad,6,8,453.63418079096044,29.793502824858756,47.378248587570624
Islamabad,6,9,624.909604519774,31.396327683615816,43.083898305084745
Islamabad,6,10,732.871186440678,32.66864406779661,40.21440677966102
Islamabad,6,11,823.8418079096045,33.76129943502825,38.01525423728813
Islamabad,6,12,851.9728813559323,34.73389830508474,35.87005649717514
Islamabad,6,13,812.0905172413793,35.44166666666667,34.19655172413793
Islamabad,6,14,716.212356321839,35.813505747126435,33.33620689655172
Islamabad,6,15,568.3997126436782,35.85316091954023,33.058045977011496
Islamabad,6,16,401.16637931034484,35.59827586206897,33.18103448275862
Islamabad,6,17,218.42988505747127,34.75459770114943,34.475287356321836
Islamabad,6,18,75.72662889518413,33.51444759206799,36.928895184135975
Islamabad,6,19,4.514406779661017,31.875988700564974,40.380225988700566
Islamabad,6,20,0.01073446327683616,30.53022598870057,44.027966101694915
Islamabad,6,21,0.005084745762711864,29.55734463276836,47.07146892655367
Islamabad,6,22,0.003672316384180791,28.840677966101698,49.28615819209039
Islamabad,6,23,0.0,28.24689265536723,50.976553672316385
Islamabad,7,0,0.004838709677419354,27.319086021505377,80.83198924731182
Islamabad,7,1,0.017204301075268817,26.960752688172043,82.04408602150538
Islamabad,7,2,0.03682795698924731,26.66505376344086,82.83306451612904
Islamabad,7,3,0.017741935483870968,26.104032258064517,83.99569892473119
Islamabad,7,4,0.0013440860215053765,25.629301075268817,85.44462365591399
Islamabad,7,5,7.771505376344086,25.43010752688172,85.8771505376344
Islamabad,7,6,65.75725806451614,25.76559139784946,83.93870967741935
Islamabad,7,7,177.5190860215054,26.57715053763441,80.48225806451613
Islamabad,7,8,304.252688172043,27.546505376344083,76.63817204301075
Islamabad,7,9,438.7704301075269,28.512096774193548,73.21559139784947
Islamabad,7,10,591.2545698924731,29.61478494623656,69.48387096774194
Islamabad,7,11,677.9658602150537,30.607526881720432,65.90994623655914
Islamabad,7,12,699.5967741935484,31.302956989247313,63.43844086021505
Islamabad,7,13,729.4731182795699,32.0986559139785,61.00752688172043
Islamabad,7,14,685.0,32.66962365591398,58.71317204301075
Islamabad,7,15,567.8618279569893,32.836021505376344,57.78252688172043
Islamabad,7,16,422.3317204301075,32.82634408602151,57.745161290322585
Islamabad,7,17,227.21908602150538,32.28172043010753,59.26129032258065
Islamabad,7,18,80.57956989247312,31.15295698924731,63.42258064516129
Islamabad,7,19,4.947849462365591,29.81532258064516,68.73682795698925
Islamabad,7,20,0.0029569892473118283,29.160483870967745,71.85860215053764
Islamabad,7,21,0.008602150537634409,28.57768817204301,74.9747311827957
Islamabad,7,22,0.008064516129032258,28.080913978494625,77.61881720430108
Islamabad,7,23,0.0032258064516129032,27.611021505376343,79.88548387096775
Islamabad,8,0,0.01881720430107527,25.74838709677419,84.11478494623655
Islamabad,8,1,0.030913978494623656,25.407526881720432,84.80752688172043
Islamabad,8,2,0.01182795698924731,24.90456989247312,86.20215053763441
Islamabad,8,3,0.01881720430107527,24.53333333333333,87.4475806451613
Islamabad,8,4,0.0064516129032258064,24.298387096774192,88.27688172043011
Islamabad,8,5,2.4954301075268814,24.087365591397848,88.9002688172043
Islamabad,8,6,58.925,24.508064516129032,87.53064516129032
Islamabad,8,7,209.85161290322583,26.054301075268818,81.28413978494623
Islamabad,8,8,372.3752688172043,27.426881720430107,75.81478494623656
Islamabad,8,9,508.3370967741935,28.581989247311828,71.0489247311828
Islamabad,8,10,626.4440860215054,29.691129032258065,66.95510752688172
Islamabad,8,11,716.7491935483871,30.6497311827957,63.44301075268817
Islamabad,8,12,719.7336021505376,31.456989247311828,60.48897849462366
Islamabad,8,13,697.9061827956989,32.053225806451614,58.178494623655915
Islamabad,8,14,618.4271505376344,32.28924731182796,57.1010752688172
Islamabad,8,15,491.7943548387097,32.270698924731185,56.93064516129032
Islamabad,8,16,356.92043010752684,32.045698924731184,57.682526881720435
Islamabad,8,17,175.81263440860215,31.328494623655917,60.534946236559136
Islamabad,8,18,40.059946236559135,30.06532258064516,64.67043010752688
Islamabad,8,19,0.5088709677419355,28.60940860215054,69.93010752688173
Islamabad,8,20,0.038172043010752686,27.675,74.72983870967742
Islamabad,8,21,0.030376344086021502,27.0747311827957,77.8255376344086
Islamabad,8,22,0.04247311827956989,26.469354838709677,80.2516129032258
Islamabad,8,23,0.022311827956989244,26.018010752688173,82.30913978494624
Islamabad,9,0,0.006388888888888888,24.316666666666666,73.92805555555555
Islamabad,9,1,0.006111111111111111,23.76222222222222,75.91527777777777
Islamabad,9,2,0.0,23.28472222222222,78.14333333333333
Islamabad,9,3,0.001388888888888889,22.945,79.68055555555556
Islamabad,9,4,0.008055555555555555,22.552222222222223,80.81333333333333
Islamabad,9,5,0.1511111111111111,22.343055555555555,81.34138888888889
Islamabad,9,6,38.85111111111111,22.601944444444445,80.2375
Islamabad,9,7,171.92027777777778,24.403888888888886,74.17555555555556
Islamabad,9,8,339.145,26.229999999999997,67.05944444444445
Islamabad,9,9,515.3838888888889,27.953888888888887,60.91277777777778
Islamabad,9,10,642.9327777777778,29.388333333333332,55.99333333333333
Islamabad,9,11,732.5638888888889,30.67666666666667,51.795833333333334
Islamabad,9,12,732.6780555555555,31.72361111111111,48.054722222222225
Islamabad,9,13,675.1194444444444,32.41694444444445,45.51083333333333
Islamabad,9,14,595.1375,32.87972222222223,43.26138888888889
Islamabad,9,15,442.12361111111113,33.056666666666665,42.14527777777778
Islamabad,9,16,257.03277777777777,32.693888888888885,42.72555555555556
Islamabad,9,17,84.91527777777777,31.53666666666667,46.351111111111116
Islamabad,9,18,4.724444444444444,29.634166666666665,52.864444444444445
Islamabad,9,19,0.0,28.17583333333333,59.01916666666667
Islamabad,9,20,0.0,26.974444444444444,64.10055555555556
Islamabad,9,21,0.003333333333333333,25.995555555555555,68.3086111111111
Islamabad,9,22,0.0661111111111111,25.32,70.61777777777777
Islamabad,9,23,0.05111111111111111,24.85361111111111,71.96416666666666
Islamabad,10,0,0.009313725490196078,19.229901960784314,70.66838235294118
Islamabad,10,1,0.00661764705882353,18.773529411764706,72.10049019607843
Islamabad,10,2,0.011519607843137254,18.43700980392157,73.04338235294118
Islamabad,10,3,0.01323529411764706,18.09877450980392,73.94313725490196
Islamabad,10,4,0.011764705882352941,17.68014705882353,75.1421568627451
Islamabad,10,5,0.018627450980392157,17.425980392156863,75.32352941176471
Islamabad,10,6,11.834803921568628,17.37892156862745,74.7656862745098
Islamabad,10,7,118.51813725490196,19.064950980392158,68.90588235294118
Islamabad,10,8,283.4502450980392,21.515686274509804,60.22720588235294
Islamabad,10,9,438.26740196078435,23.60392156862745,53.18602941176471
Islamabad,10,10,553.2879901960785,25.324754901960784,48.05980392156863
Islamabad,10,11,616.4274509803921,26.754656862745097,43.541666666666664
Islamabad,10,12,623.5914215686274,27.81544117647059,40.078186274509804
Islamabad,10,13,567.5951573849878,28.452058111380147,37.78111380145278
Islamabad,10,14,461.931884057971,28.770531400966185,36.45507246376812
Islamabad,10,15,304.97512077294687,28.76618357487923,36.292995169082126
Islamabad,10,16,135.3608695652174,28.035507246376813,38.22584541062802
Islamabad,10,17,16.19927536231884,26.08285024154589,43.9731884057971
Islamabad,10,18,0.0,24.153381642512077,50.33140096618358
Islamabad,10,19,0.0,22.936473429951693,54.266425120772944
Islamabad,10,20,0.0019323671497584543,21.719806763285025,59.47536231884058
Islamabad,10,21,0.0,20.848309178743964,63.3256038647343
Islamabad,10,22,0.002173913043478261,20.07367149758454,66.7463768115942
Islamabad,10,23,0.007246376811594203,19.527294685990338,68.64299516908213
Islamabad,11,0,0.0,13.479074074074074,66.13074074074073
Islamabad,11,1,0.0059259259259259265,13.132037037037037,66.80833333333334
Islamabad,11,2,0.01,12.724074074074075,67.97462962962963
Islamabad,11,3,0.005185185185185185,12.350925925925926,68.86462962962963
Islamabad,11,4,0.002407407407407407,12.046481481481482,69.53296296296297
Islamabad,11,5,0.003333333333333333,11.850925925925926,69.71481481481482
Islamabad,11,6,1.0285185185185184,11.693703703703704,69.91
Islamabad,11,7,57.75777777777778,12.287777777777777,68.39462962962963
Islamabad,11,8,189.90407407407406,14.709444444444445,62.06981481481481
Islamabad,11,9,320.60092592592594,17.072222222222223,53.44481481481482
Islamabad,11,10,433.09777777777776,19.132592592592594,46.00166666666667
Islamabad,11,11,483.6172222222222,20.81925925925926,40.75833333333333
Islamabad,11,12,491.3405555555556,21.91351851851852,37.565925925925924
Islamabad,11,13,443.3174074074074,22.489444444444445,35.57074074074074
Islamabad,11,14,339.1848148148148,22.582592592592594,35.248703703703704
Islamabad,11,15,207.32444444444445,22.347037037037037,36.20444444444445
Islamabad,11,16,65.785,21.095925925925926,39.66648148148148
Islamabad,11,17,1.0966666666666667,18.95148148148148,45.58740740740741
Islamabad,11,18,0.0,17.769259259259258,48.97962962962963
Islamabad,11,19,0.0,16.83537037037037,51.70722222222223
Islamabad,11,20,0.0,15.694444444444445,56.05277777777778
Islamabad,11,21,0.0,15.089629629629629,58.193518518518516
Islamabad,11,22,0.000925925925925926,14.425555555555556,61.527222222222214
Islamabad,11,23,0.0011111111111111111,13.818333333333333,64.50685185185185
Islamabad,12,0,0.011827956989247311,9.507168458781361,65.27025089605735
Islamabad,12,1,0.017204301075268817,9.186917562724014,66.10878136200716
Islamabad,12,2,0.0,8.692652329749103,68.33405017921147
Islamabad,12,3,0.0,8.270430107526881,69.79032258064517
Islamabad,12,4,0.0008960573476702509,8.165232974910394,69.36756272401433
Islamabad,12,5,0.001075268817204301,7.909677419354839,69.41057347670251
Islamabad,12,6,0.005197132616487455,7.649641577060932,69.61684587813619
Islamabad,12,7,18.255197132616487,7.538172043010753,69.7820788530466
Islamabad,12,8,132.01666666666668,9.597849462365591,63.6826164874552
Islamabad,12,9,275.8374551971326,12.367562724014338,55.42491039426523
Islamabad,12,10,382.72544802867384,14.638351254480286,48.10322580645161
Islamabad,12,11,444.2453405017921,16.56164874551971,41.81720430107527
Islamabad,12,12,462.8195340501792,17.75752688172043,37.967025089605734
Islamabad,12,13,432.9001792114695,18.60089605734767,35.17311827956989
Islamabad,12,14,332.05806451612904,18.92383512544803,34.07311827956989
Islamabad,12,15,192.6879928315412,18.58225806451613,34.70591397849463
Islamabad,12,16,57.07365591397849,17.304121863799285,37.875089605734765
Islamabad,12,17,0.4575268817204301,15.193727598566309,43.19247311827957
Islamabad,12,18,0.0,14.05304659498208,46.424731182795696
Islamabad,12,19,0.0,13.18673835125448,49.1983870967742
Islamabad,12,20,0.003763440860215054,12.150537634408602,53.10197132616488
Islamabad,12,21,0.0025089605734767025,11.438351254480287,56.351075268817205
Islamabad,12,22,0.004301075268817204,10.702867383512544,59.53189964157706
Islamabad,12,23,0.001075268817204301,10.019713261648745,62.61039426523297
Karachi,1,0,0.0,18.260215053763442,67.53360215053763
Karachi,1,1,0.0,17.6997311827957,68.52069892473118
Karachi,1,2,0.001075268817204301,17.2752688172043,68.40860215053763
Karachi,1,3,0.0008064516129032258,16.84220430107527,68.39032258064516
Karachi,1,4,0.0,16.323118279569893,69.04731182795699
Karachi,1,5,0.0,15.936827956989248,69.5513440860215
Karachi,1,6,0.0,15.525537634408602,70.2241935483871
Karachi,1,7,10.593817204301075,15.264247311827958,70.36827956989248
Karachi,1,8,123.36559139784946,16.351881720430107,66.60752688172043
Karachi,1,9,301.3206989247312,18.57768817204301,60.10752688172043
Karachi,1,10,460.18387096774194,20.68010752688172,54.12284946236559
Karachi,1,11,564.139247311828,22.254301075268817,49.48951612903225
Karachi,1,12,617.3524193548387,23.490591397849464,46.08924731182796
Karachi,1,13,608.6951612903226,24.353494623655912,43.83387096774194
Karachi,1,14,516.005376344086,24.90510752688172,42.391397849462365
Karachi,1,15,386.05322580645156,24.934408602150537,42.73494623655914
Karachi,1,16,234.37661290322583,24.497580645161293,44.62715053763441
Karachi,1,17,74.18548387096774,23.348118279569892,48.505913978494625
Karachi,1,18,1.9991935483870968,22.013709677419357,53.44220430107527
Karachi,1,19,0.0,21.185752688172045,58.120161290322585
Karachi,1,20,0.0,20.599999999999998,61.3744623655914
Karachi,1,21,0.0,20.05456989247312,63.85672043010753
Karachi,1,22,0.0,19.480645161290322,65.22715053763442
Karachi,1,23,0.0,18.843548387096774,66.73575268817204
Karachi,2,0,0.0,20.54122807017544,52.39590643274854
Karachi,2,1,0.0,19.924561403508772,53.61900584795322
Karachi,2,2,0.0,19.339181286549707,54.100584795321645
Karachi,2,3,0.0,18.8906432748538,53.8608187134503
Karachi,2,4,0.0,18.341812865497076,53.463157894736845
Karachi,2,5,0.0,17.964327485380117,53.81666666666666
Karachi,2,6,0.0,17.58187134502924,54.15906432748538
Karachi,2,7,28.563157894736843,17.384795321637426,53.675438596491226
Karachi,2,8,194.2081871345029,19.035380116959065,49.308479532163744
Karachi,2,9,405.18157894736845,21.640350877192983,42.61257309941521
Karachi,2,10,587.7728070175439,23.992690058479532,36.314912280701755
Karachi,2,11,719.5649122807018,25.916959064327486,30.465789473684207
Karachi,2,12,772.6561403508773,27.35292397660819,26.141812865497077
Karachi,2,13,763.2754385964913,28.348538011695908,23.716959064327487
Karachi,2,14,683.3058479532164,28.75847953216374,22.966959064327487
Karachi,2,15,531.2476608187135,28.527485380116957,24.794736842105262
Karachi,2,16,347.11286549707603,27.92923976608187,26.7593567251462
Karachi,2,17,144.93713450292398,26.889181286549707,29.81286549707602
Karachi,2,18,13.97953216374269,25.247660818713452,34.62719298245614
Karachi,2,19,0.0,24.141520467836255,38.7780701754386
Karachi,2,20,0.0,23.31988304093567,41.69298245614035
Karachi,2,21,0.0,22.614035087719298,44.72485380116959
Karachi,2,22,0.0,21.896491228070175,46.977192982456145
Karachi,2,23,0.0,21.296783625730995,49.93654970760234
Karachi,3,0,0.0,24.035752688172042,70.05483870967743
Karachi,3,1,0.0,23.715860215053763,72.74650537634409
Karachi,3,2,0.0,23.38978494623656,74.18091397849462
Karachi,3,3,0.0,23.087634408602153,75.69784946236558
Karachi,3,4,0.0,22.75,76.70833333333333
Karachi,3,5,0.0,22.452956989247312,76.55537634408601
Karachi,3,6,1.9400537634408603,22.14677419354839,76.93145161290323
Karachi,3,7,81.03655913978494,22.51532258064516,75.21290322580646
Karachi,3,8,276.0709677419355,24.26317204301075,67.69543010752689
Karachi,3,9,488.1209677419355,26.107795698924733,59.218548387096774
Karachi,3,10,683.8645161290323,27.9494623655914,51.1241935483871
Karachi,3,11,804.2852150537634,29.511827956989247,44.00752688172043
Karachi,3,12,868.8043010752689,30.645967741935483,39.436290322580646
Karachi,3,13,847.0088709677419,31.116666666666667,38.79220430107527
Karachi,3,14,763.3341397849462,31.04220430107527,39.6005376344086
Karachi,3,15,621.1405913978494,30.633602150537637,41.41720430107527
Karachi,3,16,425.0430107526882,30.02795698924731,43.33682795698925
Karachi,3,17,205.79435483870967,29.06801075268817,46.22876344086021
Karachi,3,18,34.67177419354839,27.519623655913975,52.017204301075274
Karachi,3,19,0.0,26.273387096774197,58.36586021505376
Karachi,3,20,0.0,25.701612903225808,61.388172043010755
Karachi,3,21,0.0,25.269623655913975,64.1241935483871
Karachi,3,22,0.0,24.868548387096777,65.9747311827957
Karachi,3,23,0.0,24.481182795698924,68.13037634408602
Karachi,4,0,0.0,26.712745098039214,73.51960784313725
Karachi,4,1,0.0,26.475980392156863,74.24387254901961
Karachi,4,2,0.0,26.20980392156863,75.27990196078431
Karachi,4,3,0.0,25.948529411764707,76.67794117647058
Karachi,4,4,0.0,25.727941176470587,77.70343137254902
Karachi,4,5,0.0,25.522794117647056,78.65122549019608
Karachi,4,6,21.428186274509805,25.438970588235296,79.24950980392157
Karachi,4,7,164.16568627450982,26.245343137254903,76.50024509803922
Karachi,4,8,382.2705882352941,27.662990196078432,70.52916666666667
Karachi,4,9,601.944362745098,29.375735294117646,62.66299019607843
Karachi,4,10,775.7865196078432,31.169607843137257,54.2703431372549
Karachi,4,11,890.7115196078431,32.590441176470584,48.599754901960786
Karachi,4,12,941.3004901960784,33.36127450980392,46.41323529411764
Karachi,4,13,919.1953431372549,33.654411764705884,46.03627450980392
Karachi,4,14,830.9139024390245,33.51365853658537,46.22609756097561
Karachi,4,15,670.3106280193236,33.10265700483092,46.771497584541066
Karachi,4,16,470.7492753623189,32.29154589371981,49.88333333333333
Karachi,4,17,246.69589371980678,31.23574879227053,53.610386473429955
Karachi,4,18,59.02777777777778,29.82512077294686,58.57487922705314
Karachi,4,19,0.2855072463768116,28.633333333333336,63.83574879227053
Karachi,4,20,0.0,28.047101449275363,67.04613526570049
Karachi,4,21,0.0,27.692753623188405,68.5024154589372
Karachi,4,22,0.0,27.364251207729467,70.79347826086956
Karachi,4,23,0.0,27.108212560386473,71.8891304347826
Karachi,5,0,0.0,28.884986595174265,79.67560321715818
Karachi,5,1,0.0,28.705913978494625,80.36962365591398
Karachi,5,2,0.0,28.502688172043012,81.34596774193548
Karachi,5,3,0.0,28.351075268817205,81.9983870967742
Karachi,5,4,0.0,28.23440860215054,82.5494623655914
Karachi,5,5,0.23091397849462367,28.13494623655914,83.11370967741935
Karachi,5,6,44.4760752688172,28.200806451612905,83.25322580645161
Karachi,5,7,198.080376344086,29.0,79.98736559139785
Karachi,5,8,395.63467741935483,30.159408602150535,74.23602150537634
Karachi,5,9,602.0720430107526,31.51317204301075,67.56612903225806
Karachi,5,10,766.7532258064516,32.78951612903226,61.99327956989247
Karachi,5,11,886.0295698924731,33.74247311827957,58.70134408602151
Karachi,5,12,935.1120967741936,34.148387096774194,58.13682795698925
Karachi,5,13,925.475,34.23145161290323,58.46290322580646
Karachi,5,14,838.0551075268817,34.06317204301075,59.589516129032255
Karachi,5,15,691.1268817204301,33.64059139784946,61.13145161290323
Karachi,5,16,486.6440860215054,32.891129032258064,64.0021505376344
Karachi,5,17,270.02715053763444,32.06344086021505,67.07419354838709
Karachi,5,18,82.28387096774193,31.003225806451614,71.16720430107527
Karachi,5,19,2.863709677419355,30.092741935483872,75.34327956989247
Karachi,5,20,0.0,29.695430107526885,77.06478494623656
Karachi,5,21,0.0,29.46478494623656,77.93467741935484
Karachi,5,22,0.0,29.255913978494625,78.76424731182796
Karachi,5,23,0.0,29.044086021505375,79.73413978494624
Karachi,6,0,0.0,29.877499999999998,78.54333333333332
Karachi,6,1,0.0,29.701944444444447,79.04583333333333
Karachi,6,2,0.0,29.53833333333333,79.47194444444445
Karachi,6,3,0.0,29.429166666666667,79.4661111111111
Karachi,6,4,0.0,29.294722222222223,80.12666666666667
Karachi,6,5,0.4875,29.193055555555556,80.38416666666666
Karachi,6,6,47.57944444444444,29.320277777777775,80.10527777777779
Karachi,6,7,187.69750000000002,30.10111111111111,76.82388888888889
Karachi,6,8,358.4622222222222,31.153611111111108,71.585
Karachi,6,9,549.411388888889,32.35916666666667,66.19194444444445
Karachi,6,10,702.3316666666667,33.41638888888889,62.04361111111111
Karachi,6,11,817.13,34.27444444444444,59.020833333333336
Karachi,6,12,865.3047222222223,34.78666666666667,57.211388888888884
Karachi,6,13,865.2844444444445,35.05083333333333,56.33833333333333
Karachi,6,14,777.8852777777778,34.939166666666665,56.406388888888884
Karachi,6,15,639.7069444444444,34.49861111111111,58.048611111111114
Karachi,6,16,474.8572222222222,33.92638888888889,60.38638888888889
Karachi,6,17,274.15722222222223,33.10472222222222,63.64666666666666
Karachi,6,18,101.72527777777778,32.2125,67.15527777777778
Karachi,6,19,8.16,31.3275,70.90916666666666
Karachi,6,20,0.0019444444444444444,30.747500000000002,73.81666666666666
Karachi,6,21,0.011944444444444443,30.533888888888892,74.63083333333333
Karachi,6,22,0.0038888888888888888,30.368055555555557,75.75222222222222
Karachi,6,23,0.0,30.14777777777778,77.15055555555556
Karachi,7,0,0.00913978494623656,29.078225806451613,82.13897849462366
Karachi,7,1,0.00026881720430107527,28.994086021505375,82.33198924731182
Karachi,7,2,0.0,28.860483870967744,83.06908602150538
Karachi,7,3,0.001075268817204301,28.790591397849465,83.13602150537633
Karachi,7,4,0.0005376344086021505,28.761559139784943,83.41774193548387
Karachi,7,5,0.06532258064516129,28.695698924731182,83.54381720430108
Karachi,7,6,22.666666666666668,28.74005376344086,83.31021505376344
Karachi,7,7,102.51908602150537,29.104301075268815,81.73870967741935
Karachi,7,8,221.68736559139785,29.748924731182797,78.6997311827957
Karachi,7,9,328.0854838709678,30.42043010752688,75.83010752688172
Karachi,7,10,422.76075268817203,31.063172043010752,73.31612903225806
Karachi,7,11,491.51720430107525,31.51505376344086,71.65322580645162
Karachi,7,12,520.4833333333333,31.741935483870968,71.06693548387098
Karachi,7,13,557.5591397849462,31.904301075268815,70.46666666666667
Karachi,7,14,515.8852150537634,31.84354838709677,70.50940860215054
Karachi,7,15,424.1177419354838,31.61209677419355,71.21102150537635
Karachi,7,16,318.9564516129032,31.19327956989247,72.677688172043
Karachi,7,17,185.9182795698925,30.695967741935483,74.7494623655914
Karachi,7,18,66.06505376344086,30.126075268817203,77.1752688172043
Karachi,7,19,6.24516129032258,29.677150537634407,79.26935483870967
Karachi,7,20,0.0,29.49220430107527,80.32204301075268
Karachi,7,21,0.0,29.379301075268817,80.77177419354838
Karachi,7,22,0.0008064516129032258,29.280645161290323,81.29543010752688
Karachi,7,23,0.0,29.12150537634409,81.90295698924731
Karachi,8,0,0.0,27.75967741935484,83.24623655913977
Karachi,8,1,0.0,27.618279569892472,83.73924731182795
Karachi,8,2,0.002150537634408602,27.516129032258064,83.98763440860215
Karachi,8,3,0.001075268817204301,27.441666666666666,84.05913978494624
Karachi,8,4,0.0008064516129032259,27.35994623655914,84.4728494623656
Karachi,8,5,0.0,27.304301075268818,84.93118279569893
Karachi,8,6,12.55510752688172,27.296236559139786,85.15376344086022
Karachi,8,7,88.26155913978495,27.616666666666667,83.99435483870968
Karachi,8,8,201.4271505376344,28.226881720430107,81.04569892473118
Karachi,8,9,327.2424731182796,28.990591397849464,77.4752688172043
Karachi,8,10,418.5637096774194,29.63279569892473,75.01344086021506
Karachi,8,11,512.3260752688171,30.209408602150535,72.78629032258064
Karachi,8,12,579.8034946236559,30.683870967741935,70.85752688172043
Karachi,8,13,581.5798387096775,30.734139784946237,70.52768817204301
Karachi,8,14,539.1583333333333,30.74220430107527,70.6260752688172
Karachi,8,15,443.55322580645156,30.596774193548388,70.97311827956989
Karachi,8,16,323.960752688172,30.211021505376344,72.18279569892474
Karachi,8,17,166.66263440860214,29.641935483870967,74.40430107526882
Karachi,8,18,49.44086021505376,28.975,77.62150537634409
Karachi,8,19,1.564247311827957,28.444086021505377,80.02661290322581
Karachi,8,20,0.0,28.232526881720432,81.1462365591398
Karachi,8,21,0.0,28.094086021505376,82.01881720430107
Karachi,8,22,0.0,27.962903225806453,82.43602150537635
Karachi,8,23,0.0,27.85940860215054,82.64489247311829
Karachi,9,0,0.0,27.329444444444444,80.74583333333334
Karachi,9,1,0.0,27.143333333333334,81.45833333333333
Karachi,9,2,0.0,26.966111111111108,82.07972222222223
Karachi,9,3,0.0,26.828888888888887,82.5225
Karachi,9,4,0.0,26.731666666666666,82.83444444444444
Karachi,9,5,0.0,26.610833333333332,83.18833333333333
Karachi,9,6,10.179722222222221,26.559166666666666,83.13166666666667
Karachi,9,7,121.24444444444444,27.153611111111108,80.50194444444445
Karachi,9,8,296.2463888888889,28.21138888888889,75.2775
Karachi,9,9,466.48138888888883,29.310555555555553,69.92999999999999
Karachi,9,10,641.2583333333333,30.455555555555556,65.28666666666666
Karachi,9,11,739.4530555555555,31.33388888888889,62.080555555555556
Karachi,9,12,805.2886111111112,31.868611111111115,60.070277777777775
Karachi,9,13,802.7247222222223,32.21027777777778,59.12555555555556
Karachi,9,14,715.6225000000001,32.07805555555556,60.07555555555556
Karachi,9,15,567.6616666666667,31.720277777777774,61.14861111111111
Karachi,9,16,369.1338888888889,31.079444444444444,63.54555555555556
Karachi,9,17,165.96166666666664,30.230555555555554,66.91916666666667
Karachi,9,18,24.48777777777778,29.12638888888889,71.43277777777777
Karachi,9,19,0.0022222222222222222,28.468333333333334,74.68694444444444
Karachi,9,20,0.0,28.16,76.50555555555556
Karachi,9,21,0.0,27.929166666666667,77.91166666666666
Karachi,9,22,0.0,27.708333333333332,78.87055555555555
Karachi,9,23,0.0,27.53527777777778,79.33638888888889
Karachi,10,0,0.0,26.874193548387098,76.81397849462365
Karachi,10,1,0.0,26.55,78.2483870967742
Karachi,10,2,0.0,26.28333333333333,79.33306451612904
Karachi,10,3,0.0,26.005645161290325,80.1497311827957
Karachi,10,4,0.0,25.747311827956988,80.68252688172043
Karachi,10,5,0.0,25.576075268817203,80.74301075268818
Karachi,10,6,3.742741935483871,25.43467741935484,81.20241935483871
Karachi,10,7,98.01612903225806,26.004032258064516,79.63118279569892
Karachi,10,8,289.9489247311828,27.450537634408605,73.83279569892473
Karachi,10,9,494.21639784946234,29.141129032258064,66.11881720430108
Karachi,10,10,660.655376344086,30.705913978494625,58.98521505376344
Karachi,10,11,756.9599462365591,32.056720430107525,53.347043010752685
Karachi,10,12,798.2327956989246,32.84758064516129,50.54704301075269
Karachi,10,13,762.8905913978494,33.16209677419354,49.35752688172043
Karachi,10,14,651.3610215053764,33.038440860215054,50.097043010752685
Karachi,10,15,488.1193548387097,32.64731182795699,51.91586021505377
Karachi,10,16,281.9284946236559,31.962096774193547,54.20940860215054
Karachi,10,17,83.8529569892473,30.68790322580645,58.58387096774194
Karachi,10,18,2.4137096774193547,29.381720430107528,63.85591397849463
Karachi,10,19,0.0,28.646505376344088,67.99220430107526
Karachi,10,20,0.0,28.175,70.23736559139785
Karachi,10,21,0.0,27.802419354838708,71.44919354838709
Karachi,10,22,0.0,27.43790322580645,73.197311827957
Karachi,10,23,0.0,27.10645161290323,74.7518817204301
Karachi,11,0,0.0,22.995277777777776,54.97
Karachi,11,1,0.0,22.323055555555555,56.01694444444444
Karachi,11,2,0.0,21.831666666666667,56.715555555555554
Karachi,11,3,0.0,21.31861111111111,57.6725
Karachi,11,4,0.0,20.79361111111111,58.59916666666667
Karachi,11,5,0.0,20.378888888888888,59.27444444444444
Karachi,11,6,0.24888888888888888,19.995,59.99583333333333
Karachi,11,7,54.221944444444446,20.161666666666665,58.724722222222226
Karachi,11,8,226.66611111111112,22.174166666666665,53.436388888888885
Karachi,11,9,416.66583333333335,25.173055555555553,46.18805555555556
Karachi,11,10,575.0691666666667,27.679444444444446,39.54
Karachi,11,11,674.5208333333334,29.4925,33.62861111111111
Karachi,11,12,703.3361111111111,30.693055555555556,29.262777777777778
Karachi,11,13,658.9527777777778,31.4225,27.35972222222222
Karachi,11,14,547.6691666666667,31.715,26.96472222222222
Karachi,11,15,380.4938888888889,31.315555555555555,29.595000000000002
Karachi,11,16,191.7936111111111,30.37611111111111,32.338055555555556
Karachi,11,17,36.470555555555556,28.833333333333332,36.61277777777778
Karachi,11,18,0.0,27.41611111111111,41.39777777777778
Karachi,11,19,0.0,26.520555555555553,44.99055555555556
Karachi,11,20,0.0,25.735555555555553,47.96222222222222
Karachi,11,21,0.0,24.99972222222222,51.073055555555555
Karachi,11,22,0.0,24.247222222222224,52.8
Karachi,11,23,0.0,23.572222222222223,54.15833333333333
Karachi,12,0,0.0,19.592473118279568,60.47338709677419
Karachi,12,1,0.0,18.934139784946236,61.08763440860215
Karachi,12,2,0.0,18.286827956989246,61.70618279569893
Karachi,12,3,0.0,17.673655913978497,62.31532258064516
Karachi,12,4,0.0,17.227150537634408,62.21182795698925
Karachi,12,5,0.0,16.797043010752688,62.69381720430107
Karachi,12,6,0.0,16.38198924731183,63.23521505376344
Karachi,12,7,21.94489247311828,16.229569892473116,62.95215053763441
Karachi,12,8,161.32500000000002,17.76317204301075,58.79838709677419
Karachi,12,9,345.2110215053763,20.6747311827957,52.1755376344086
Karachi,12,10,508.7962365591398,23.48494623655914,44.90752688172043
Karachi,12,11,614.8000000000001,25.572580645161292,38.27096774193548
Karachi,12,12,652.0379032258064,27.01935483870968,33.3502688172043
Karachi,12,13,615.7411290322581,27.919354838709676,31.075806451612905
Karachi,12,14,519.7239247311828,28.353494623655912,30.32150537634409
Karachi,12,15,370.92016129032254,28.04811827956989,32.35564516129032
Karachi,12,16,191.4540322580645,27.06478494623656,36.19274193548387
Karachi,12,17,38.03951612903226,25.480376344086025,41.505376344086024
Karachi,12,18,0.0,24.05,46.70295698924731
Karachi,12,19,0.0,23.246236559139785,50.675
Karachi,12,20,0.0,22.531720430107526,53.56612903225806
Karachi,12,21,0.0,21.76424731182796,56.16236559139785
Karachi,12,22,0.0,21.081451612903226,57.986827956989245
Karachi,12,23,0.0,20.279301075268815,58.76827956989247
Lahore,1,0,0.00022522522522522523,10.179054054054054,93.54639639639639
Lahore,1,1,0.0006756756756756756,9.800225225225226,94.03400900900901
Lahore,1,2,0.0033783783783783786,9.462612612612611,94.41599099099099
Lahore,1,3,0.011711711711711712,9.171846846846847,95.15945945945947
Lahore,1,4,0.005405405405405407,8.912387387387387,95.65698198198197
Lahore,1,5,0.006531531531531532,8.676126126126126,95.99842342342343
Lahore,1,6,0.0038288288288288288,8.458558558558558,96.25292792792793
Lahore,1,7,16.68211920529801,8.44083885209713,96.07836644591612
Lahore,1,8,98.88775100401607,9.443975903614458,94.40401606425702
Lahore,1,9,202.79643527204502,11.423639774859287,89.70956848030018
Lahore,1,10,295.10055452865066,13.182624768946395,83.57707948243993
Lahore,1,11,355.2661111111111,14.529074074074074,78.16722222222222
Lahore,1,12,378.3339517625232,15.625417439703154,73.57996289424861
Lahore,1,13,366.5933085501859,16.36877323420074,70.3364312267658
Lahore,1,14,308.40910780669145,16.92174721189591,67.87063197026022
Lahore,1,15,199.57794392523363,16.848037383177573,68.45401869158879
Lahore,1,16,82.74478527607361,15.97034764826176,72.85337423312885
Lahore,1,17,6.826406926406927,14.303896103896102,80.01796536796537
Lahore,1,18,0.0,13.222510822510824,83.91883116883118
Lahore,1,19,0.0,12.520129870129871,86.39761904761905
Lahore,1,20,0.0,12.001298701298703,88.1103896103896
Lahore,1,21,0.0,11.487527352297594,89.89824945295405
Lahore,1,22,0.0,11.030263157894737,91.5486842105263
Lahore,1,23,0.0,10.594690265486726,92.68827433628319
Lahore,2,0,0.0,13.822745098039217,85.85254901960785
Lahore,2,1,0.000588235294117647,13.192549019607842,87.96549019607843
Lahore,2,2,0.00019607843137254904,12.68313725490196,89.63098039215687
Lahore,2,3,0.0005882352941176471,12.257450980392157,90.25254901960786
Lahore,2,4,0.0,11.824901960784313,91.18882352941176
Lahore,2,5,0.0003921568627450981,11.377843137254901,92.07294117647058
Lahore,2,6,0.5803921568627451,10.952156862745099,93.23490196078431
Lahore,2,7,51.15411764705882,11.179019607843138,92.51215686274509
Lahore,2,8,191.3186274509804,13.305098039215688,87.54529411764706
Lahore,2,9,360.3798039215686,16.160980392156862,78.87647058823529
Lahore,2,10,491.9237254901961,18.49823529411765,70.69196078431372
Lahore,2,11,581.6809803921568,20.33137254901961,62.929607843137255
Lahore,2,12,601.6266666666667,21.564901960784315,57.54588235294118
Lahore,2,13,572.1890196078432,22.26764705882353,54.16843137254902
Lahore,2,14,473.22725490196075,22.62529411764706,53.1456862745098
Lahore,2,15,337.0458823529412,22.507450980392157,53.993529411764705
Lahore,2,16,174.50745098039215,21.816666666666666,58.7413725490196
Lahore,2,17,36.6613725490196,20.079607843137257,67.2743137254902
Lahore,2,18,0.036078431372549014,18.21372549019608,73.33058823529412
Lahore,2,19,0.009019607843137253,17.196862745098038,76.49745098039214
Lahore,2,20,0.010392156862745097,16.475294117647056,78.57921568627451
Lahore,2,21,0.0003921568627450981,15.792745098039216,80.54274509803922
Lahore,2,22,0.004901960784313725,15.14372549019608,82.22941176470589
Lahore,2,23,0.0,14.535686274509803,84.21039215686275
Lahore,3,0,0.0,17.312878787878788,85.34829545454545
Lahore,3,1,0.0005681818181818182,16.75492424242424,86.69981060606061
Lahore,3,2,0.005871212121212121,16.287310606060608,87.83333333333333
Lahore,3,3,0.0020833333333333333,15.810795454545456,89.325
Lahore,3,4,0.0071969696969696965,15.421401515151516,90.32443181818182
Lahore,3,5,0.004166666666666667,15.077083333333333,91.26685606060606
Lahore,3,6,17.953030303030303,14.986174242424243,91.30492424242425
Lahore,3,7,130.64753787878786,16.326704545454547,87.9935606060606
Lahore,3,8,291.89053030303035,18.893560606060603,80.44450757575757
Lahore,3,9,450.1818181818182,21.189393939393938,72.55833333333334
Lahore,3,10,581.7649621212122,23.069696969696967,65.7221590909091
Lahore,3,11,664.6125703564728,24.452720450281426,60.53489681050657
Lahore,3,12,693.9573033707866,25.560112359550562,56.47041198501873
Lahore,3,13,658.4827715355805,26.21928838951311,53.64700374531835
Lahore,3,14,553.7297752808989,26.442322097378277,52.937453183520596
Lahore,3,15,401.7833333333333,26.2,53.92771535580525
Lahore,3,16,236.62191011235956,25.46292134831461,57.82116104868914
Lahore,3,17,81.90131086142323,24.136516853932584,64.68277153558053
Lahore,3,18,3.05749063670412,22.26535580524345,70.82584269662921
Lahore,3,19,0.0016853932584269663,21.143445692883894,74.18220973782772
Lahore,3,20,0.0005681818181818182,20.362689393939394,76.78162878787879
Lahore,3,21,0.0005681818181818183,19.6375,79.0909090909091
Lahore,3,22,0.0,18.868939393939392,81.45378787878788
Lahore,3,23,0.0,18.184280303030302,83.49848484848485
Lahore,4,0,0.0,23.30796296296296,64.06555555555556
Lahore,4,1,0.0,22.63296296296296,66.0087037037037
Lahore,4,2,0.0,21.95259259259259,68.21407407407408
Lahore,4,3,0.0005555555555555556,21.404444444444444,70.00555555555556
Lahore,4,4,0.0,20.886481481481482,71.44666666666666
Lahore,4,5,2.562037037037037,20.43537037037037,73.0698148148148
Lahore,4,6,72.04425925925926,20.930185185185184,72.22907407407406
Lahore,4,7,234.03240740740742,23.303703703703704,66.65444444444445
Lahore,4,8,425.42351851851856,26.39574074074074,56.462037037037035
Lahore,4,9,581.7025925925926,29.040925925925926,48.36666666666667
Lahore,4,10,707.8462962962963,31.06703703703704,42.88685185185185
Lahore,4,11,789.9975925925926,32.61611111111111,38.754814814814814
Lahore,4,12,790.1933333333334,33.70444444444445,35.70314814814815
Lahore,4,13,732.6896296296296,34.36,33.86259259259259
Lahore,4,14,641.9607407407407,34.65648148148148,33.114814814814814
Lahore,4,15,483.8251851851852,34.40314814814815,33.44166666666667
Lahore,4,16,303.47185185185185,33.79,34.623703703703704
Lahore,4,17,130.89833333333334,32.55,38.18666666666667
Lahore,4,18,15.191111111111113,30.328333333333333,43.82092592592593
Lahore,4,19,0.0005555555555555556,28.443703703703704,48.63333333333333
Lahore,4,20,0.012592592592592593,27.08574074074074,52.21351851851852
Lahore,4,21,0.007592592592592592,25.884814814814813,55.94722222222222
Lahore,4,22,0.004444444444444445,24.962962962962962,58.66166666666667
Lahore,4,23,0.000925925925925926,24.070555555555558,61.01592592592592
Lahore,5,0,0.005093833780160858,28.082037533512064,51.611796246648794
Lahore,5,1,0.0,27.39516129032258,53.462096774193554
Lahore,5,2,0.0,26.575,56.11586021505376
Lahore,5,3,0.016129032258064516,25.853763440860217,58.45860215053763
Lahore,5,4,0.01478494623655914,25.418279569892473,60.04381720430107
Lahore,5,5,16.223655913978494,25.284139784946237,60.79543010752688
Lahore,5,6,123.77069892473118,26.574193548387097,58.03413978494624
Lahore,5,7,288.72231182795696,29.29784946236559,50.822311827956995
Lahore,5,8,463.6658602150538,31.76290322580645,43.77930107526882
Lahore,5,9,623.4529569892474,34.08360215053764,37.965591397849465
Lahore,5,10,732.700806451613,35.81774193548387,33.94059139784946
Lahore,5,11,794.019623655914,37.22392473118279,31.180913978494623
Lahore,5,12,811.7489247311827,38.39220430107527,29.124193548387098
Lahore,5,13,757.8758064516129,39.20994623655914,27.35994623655914
Lahore,5,14,651.1594086021505,39.60913978494624,26.096505376344084
Lahore,5,15,514.1333333333333,39.72392473118279,25.51290322580645
Lahore,5,16,333.0720430107527,38.99489247311828,26.407795698924733
Lahore,5,17,160.03655913978494,38.03575268817204,27.975
Lahore,5,18,33.59516129032258,36.09193548387097,32.233870967741936
Lahore,5,19,0.06397849462365592,33.94489247311828,36.60806451612903
Lahore,5,20,0.0,32.31747311827957,40.36263440860215
Lahore,5,21,0.0,31.183064516129033,42.78817204301075
Lahore,5,22,0.0,30.22043010752688,45.18387096774194
Lahore,5,23,0.022311827956989244,29.139516129032256,48.58387096774194
Lahore,6,0,0.03611111111111111,29.17722222222222,67.58055555555555
Lahore,6,1,0.027222222222222224,28.88,68.2775
Lahore,6,2,0.0,28.443333333333335,69.81111111111112
Lahore,6,3,0.0011111111111111111,28.004166666666666,71.35277777777777
Lahore,6,4,0.0005555555555555556,27.602777777777778,72.79777777777778
Lahore,6,5,20.670555555555556,27.426388888888887,73.89972222222222
Lahore,6,6,125.99305555555556,28.491666666666667,71.28138888888888
Lahore,6,7,288.10083333333336,30.569166666666664,63.96222222222222
Lahore,6,8,445.37111111111113,32.48694444444444,57.17777777777778
Lahore,6,9,594.4391666666667,33.955,52.98083333333333
Lahore,6,10,702.3588888888889,35.28,49.51361111111112
Lahore,6,11,782.1394444444445,36.426944444444445,46.41694444444444
Lahore,6,12,780.1755555555555,37.390277777777776,43.641666666666666
Lahore,6,13,756.9575,38.04555555555555,41.970277777777774
Lahore,6,14,670.5613888888889,38.60722222222223,40.34027777777778
Lahore,6,15,540.0636111111111,38.529444444444444,40.13583333333333
Lahore,6,16,364.69166666666666,37.757222222222225,41.64277777777777
Lahore,6,17,199.54916666666665,36.93861111111111,43.28638888888889
Lahore,6,18,56.81972222222222,35.806111111111115,46.32111111111111
Lahore,6,19,1.6733333333333333,34.21416666666667,51.73138888888889
Lahore,6,20,0.01888888888888889,32.94138888888889,56.352500000000006
Lahore,6,21,0.008611111111111111,31.868611111111115,59.97972222222222
Lahore,6,22,0.001388888888888889,30.83,63.124722222222225
Lahore,6,23,0.005,29.86277777777778,66.48305555555557
Lahore,7,0,0.002150537634408602,29.31827956989247,87.49005376344086
Lahore,7,1,0.0077956989247311825,28.99489247311828,89.18736559139784
Lahore,7,2,0.0034946236559139786,28.65295698924731,90.55053763440861
Lahore,7,3,0.0,28.264516129032256,91.3537634408602
Lahore,7,4,0.004301075268817204,27.876075268817203,92.09489247311829
Lahore,7,5,8.64220430107527,27.681451612903224,92.28682795698924
Lahore,7,6,72.20295698924731,28.08306451612903,90.9712365591398
Lahore,7,7,189.9782258064516,28.932258064516127,87.3771505376344
Lahore,7,8,338.63870967741934,30.123655913978496,82.27553763440861
Lahore,7,9,448.85349462365593,31.122580645161293,78.2747311827957
Lahore,7,10,552.4088709677419,31.987365591397847,74.99166666666667
Lahore,7,11,644.236559139785,32.80161290322581,71.76908602150537
Lahore,7,12,652.6672043010753,33.51774193548387,69.38387096774193
Lahore,7,13,630.4551075268816,34.122043010752684,67.35860215053764
Lahore,7,14,572.4091397849463,34.456989247311824,65.69516129032257
Lahore,7,15,460.4983870967742,34.33897849462366,65.83198924731182
Lahore,7,16,324.6032258064516,34.22392473118279,65.7521505376344
Lahore,7,17,173.1244623655914,33.53387096774193,68.48091397849463
Lahore,7,18,55.16263440860215,32.61827956989247,72.32903225806452
Lahore,7,19,2.135752688172043,31.582526881720433,77.17795698924732
Lahore,7,20,0.001075268817204301,30.946236559139784,80.58655913978495
Lahore,7,21,0.0,30.476075268817205,82.9483870967742
Lahore,7,22,0.001075268817204301,29.95779569892473,84.78951612903226
Lahore,7,23,0.0005376344086021505,29.559408602150537,86.48844086021505
Lahore,8,0,0.0008064516129032258,28.363709677419354,91.50779569892474
Lahore,8,1,0.011559139784946236,28.092204301075267,92.4521505376344
Lahore,8,2,0.0260752688172043,27.815860215053764,93.62284946236558
Lahore,8,3,0.02204301075268817,27.605376344086025,94.38413978494624
Lahore,8,4,0.01478494623655914,27.453763440860214,95.24112903225806
Lahore,8,5,2.7879032258064513,27.304032258064517,95.84865591397849
Lahore,8,6,59.41021505376344,27.59354838709677,95.0013440860215
Lahore,8,7,193.21397849462366,28.927688172043013,89.66881720430108
Lahore,8,8,343.252688172043,30.150537634408604,83.88924731182796
Lahore,8,9,483.422311827957,31.343279569892474,78.86774193548386
Lahore,8,10,596.3397849462366,32.508602150537634,74.89811827956989
Lahore,8,11,633.3397849462366,33.51370967741936,71.17069892473118
Lahore,8,12,629.3784946236559,33.828763440860214,69.93951612903226
Lahore,8,13,586.4623655913979,34.05725806451613,68.73494623655914
Lahore,8,14,517.3631720430108,33.88252688172043,68.7513440860215
Lahore,8,15,421.46881720430105,33.73951612903226,68.95537634408602
Lahore,8,16,266.78306451612906,33.24677419354838,70.41129032258064
Lahore,8,17,125.64005376344086,32.436290322580646,73.97016129032258
Lahore,8,18,26.734139784946237,31.447849462365593,78.79462365591398
Lahore,8,19,0.1696236559139785,30.54489247311828,83.01478494623656
Lahore,8,20,0.004032258064516129,29.912903225806453,85.81532258064516
Lahore,8,21,0.0,29.445430107526885,87.38467741935483
Lahore,8,22,0.0,29.0752688172043,88.69946236559139
Lahore,8,23,0.0,28.686559139784944,90.24731182795699
Lahore,9,0,0.0,27.23388888888889,86.4225
Lahore,9,1,0.0,26.7675,88.08083333333333
Lahore,9,2,0.0,26.41472222222222,89.16277777777778
Lahore,9,3,0.0,26.127777777777776,90.02055555555556
Lahore,9,4,0.0,25.825833333333332,91.07611111111112
Lahore,9,5,0.2752777777777778,25.520000000000003,92.31111111111112
Lahore,9,6,43.3425,25.695,91.79305555555555
Lahore,9,7,183.91444444444443,27.33833333333333,86.595
Lahore,9,8,359.39166666666665,29.33,78.05611111111111
Lahore,9,9,524.1930555555556,31.020000000000003,71.3338888888889
Lahore,9,10,632.9005555555556,32.53944444444445,65.72888888888889
Lahore,9,11,690.3922222222222,33.66638888888889,61.8475
Lahore,9,12,692.3091666666667,34.38916666666667,59.58222222222222
Lahore,9,13,646.833888888889,34.71027777777778,57.90694444444444
Lahore,9,14,543.9661111111111,34.66694444444445,57.698055555555555
Lahore,9,15,389.3097222222222,34.288333333333334,58.6125
Lahore,9,16,224.94777777777776,33.509166666666665,61.54111111111111
Lahore,9,17,71.96361111111112,32.14611111111111,68.27555555555556
Lahore,9,18,3.342777777777778,30.625,74.59694444444445
Lahore,9,19,0.0,29.817777777777778,77.54583333333333
Lahore,9,20,0.0,29.215555555555557,80.06972222222223
Lahore,9,21,0.0,28.639722222222222,81.79638888888888
Lahore,9,22,0.0,28.08861111111111,83.70555555555555
Lahore,9,23,0.0,27.605277777777776,84.86500000000001
Lahore,10,0,0.0,22.574413145539907,82.6819248826291
Lahore,10,1,0.0,22.028873239436617,84.8342723004695
Lahore,10,2,0.0,21.523708920187794,86.61384976525821
Lahore,10,3,0.0,21.07957746478873,87.91737089201878
Lahore,10,4,0.0,20.653286384976525,89.32112676056339
Lahore,10,5,0.0,20.306103286384975,90.72065727699531
Lahore,10,6,17.24600938967136,20.1075117370892,91.7537558685446
Lahore,10,7,128.65258215962442,21.443427230046947,87.73262910798121
Lahore,10,8,295.00915492957745,24.167370892018777,78.23638497652581
Lahore,10,9,446.24178403755866,26.78286384976526,67.00727699530516
Lahore,10,10,559.7284037558685,28.843896713615024,58.969953051643195
Lahore,10,11,619.6260563380282,30.438967136150236,52.663145539906104
Lahore,10,12,617.8902325581395,31.43860465116279,48.362325581395346
Lahore,10,13,546.0303240740741,31.86828703703704,46.3162037037037
Lahore,10,14,427.85185185185185,31.881944444444443,45.879629629629626
Lahore,10,15,275.0290023201856,31.50742459396752,47.39953596287703
Lahore,10,16,116.80810185185184,30.31435185185185,53.423148148148144
Lahore,10,17,13.22037037037037,28.237037037037037,60.97662037037038
Lahore,10,18,0.0,26.67175925925926,66.69027777777778
Lahore,10,19,0.0,25.64560185185185,70.67986111111111
Lahore,10,20,0.0,24.774074074074072,73.53564814814816
Lahore,10,21,0.0,24.02847222222222,76.2886574074074
Lahore,10,22,0.0,23.502314814814813,77.97152777777777
Lahore,10,23,0.0,22.94537037037037,79.83449074074075
Lahore,11,0,0.0,16.013148148148147,79.80129629629629
Lahore,11,1,0.0,15.550370370370372,81.84555555555555
Lahore,11,2,0.0,15.106111111111112,83.57944444444445
Lahore,11,3,0.0,14.629074074074074,85.62537037037036
Lahore,11,4,0.0014814814814814816,14.23537037037037,86.85166666666667
Lahore,11,5,0.0,13.811481481481481,88.57000000000001
Lahore,11,6,3.205925925925926,13.502777777777778,89.93574074074074
Lahore,11,7,72.485,14.082592592592594,88.02796296296296
Lahore,11,8,211.26925925925926,16.683518518518518,81.28944444444446
Lahore,11,9,350.31481481481484,19.83425925925926,69.28444444444445
Lahore,11,10,456.3216666666667,22.41777777777778,57.254629629629626
Lahore,11,11,508.58500000000004,24.41074074074074,49.208703703703705
Lahore,11,12,497.842962962963,25.782777777777778,43.998703703703704
Lahore,11,13,437.46537037037035,26.57166666666667,40.69240740740741
Lahore,11,14,326.91259259259255,26.81074074074074,39.4562962962963
Lahore,11,15,188.08759259259259,26.297592592592594,41.07074074074074
Lahore,11,16,56.59351851851852,24.527222222222225,47.87222222222222
Lahore,11,17,0.9055555555555556,22.233888888888888,54.769444444444446
Lahore,11,18,0.0001851851851851852,20.852962962962962,59.22981481481481
Lahore,11,19,0.0,19.770925925925926,63.105740740740735
Lahore,11,20,0.0,18.77314814814815,67.39907407407408
Lahore,11,21,0.0,17.945555555555558,70.8124074074074
Lahore,11,22,0.0,17.151851851851852,74.63981481481481
Lahore,11,23,0.0,16.531851851851854,77.15388888888889
Lahore,12,0,0.0,11.42925925925926,84.99277777777777
Lahore,12,1,0.0011111111111111111,10.911851851851852,86.83851851851853
Lahore,12,2,0.0014814814814814816,10.387222222222222,88.53962962962963
Lahore,12,3,0.0001851851851851852,9.984444444444446,89.71296296296296
Lahore,12,4,0.0012962962962962963,9.500555555555556,91.35111111111111
Lahore,12,5,0.0016666666666666668,9.166481481481481,92.08481481481482
Lahore,12,6,0.07314814814814814,8.80074074074074,93.01537037037038
Lahore,12,7,27.506481481481483,8.716111111111111,93.2
Lahore,12,8,129.2327838827839,10.375824175824176,89.15421245421246
Lahore,12,9,246.8289617486339,12.974863387978141,81.72950819672131
Lahore,12,10,350.5409420289855,15.603442028985508,71.96666666666667
Lahore,12,11,415.88653500897664,17.636804308797128,64.49587073608618
Lahore,12,12,440.4154121863799,19.193906810035845,58.74551971326165
Lahore,12,13,405.38763440860214,20.363620071684586,53.971326164874554
Lahore,12,14,312.6245519713262,20.932616487455196,51.57795698924731
Lahore,12,15,178.6730700179533,20.745242369838422,52.179353680430886
Lahore,12,16,52.03125,19.292463235294118,57.518566176470586
Lahore,12,17,0.6092592592592593,17.15462962962963,63.87222222222222
Lahore,12,18,0.0,15.936851851851852,68.1012962962963
Lahore,12,19,0.0,14.915185185185186,72.12814814814814
Lahore,12,20,0.0,14.065740740740742,75.44037037037037
Lahore,12,21,0.0,13.28550185873606,78.29739776951673
Lahore,12,22,0.0,12.588951310861423,80.8878277153558
Lahore,12,23,0.003932584269662922,11.92621722846442,83.03539325842696
Peshawar,1,0,0.0,9.910752688172044,73.3010752688172
Peshawar,1,1,0.0,9.585752688172043,73.68897849462365
Peshawar,1,2,0.0,9.297311827956989,73.64059139784946
Peshawar,1,3,0.0,8.959677419354838,74.19059139784946
Peshawar,1,4,0.00026881720430107527,8.574462365591398,75.39516129032258
Peshawar,1,5,0.0016129032258064516,8.465591397849462,75.34220430107527
Peshawar,1,6,0.0013440860215053765,8.376612903225807,75.67177419354839
Peshawar,1,7,6.611559139784946,8.234677419354838,76.43763440860215
Peshawar,1,8,77.77231182795698,9.400537634408602,72.88575268817205
Peshawar,1,9,185.3561827956989,11.459408602150537,67.07768817204301
Peshawar,1,10,283.76370967741934,13.14758064516129,61.91129032258065
Peshawar,1,11,349.002688172043,14.3497311827957,57.8260752688172
Peshawar,1,12,368.0405913978495,15.151612903225805,55.046505376344086
Peshawar,1,13,352.4247311827957,15.836559139784946,52.133602150537634
Peshawar,1,14,292.09059139784944,16.2502688172043,50.73306451612903
Peshawar,1,15,193.7951612903226,16.18763440860215,50.71236559139785
Peshawar,1,16,80.30645161290323,15.555376344086023,53.061290322580646
Peshawar,1,17,9.31989247311828,14.13978494623656,58.388172043010755
Peshawar,1,18,0.0,13.04516129032258,62.84892473118279
Peshawar,1,19,0.0,12.31263440860215,66.57096774193549
Peshawar,1,20,0.0,11.525537634408602,70.27634408602151
Peshawar,1,21,0.0,10.978494623655914,71.83575268817205
Peshawar,1,22,0.0,10.561021505376344,72.7508064516129
Peshawar,1,23,0.0,10.165591397849463,73.2720430107527
Peshawar,2,0,0.0,13.249122807017544,55.72573099415205
Peshawar,2,1,0.0,12.779532163742692,56.22134502923977
Peshawar,2,2,0.0,12.394736842105264,57.08157894736843
Peshawar,2,3,0.0,12.052339181286548,57.48625730994152
Peshawar,2,4,0.0,11.658187134502924,57.941520467836256
Peshawar,2,5,0.0,11.314035087719299,58.30994152046784
Peshawar,2,6,0.027192982456140352,11.068713450292398,58.10730994152047
Peshawar,2,7,31.31111111111111,11.307017543859649,57.669883040935666
Peshawar,2,8,163.49795321637427,13.673099415204678,51.86520467836258
Peshawar,2,9,327.2269005847953,16.62690058479532,44.518421052631574
Peshawar,2,10,451.6874269005848,18.311988304093568,39.0
Peshawar,2,11,542.754970760234,19.8233918128655,35.390058479532165
Peshawar,2,12,562.6426900584795,20.89766081871345,33.02748538011696
Peshawar,2,13,526.3116959064328,21.680701754385964,32.13538011695906
Peshawar,2,14,451.5643274853801,21.894736842105264,32.05380116959064
Peshawar,2,15,328.06637426900585,21.917251461988304,31.782456140350877
Peshawar,2,16,177.89005847953217,21.412865497076023,34.158479532163746
Peshawar,2,17,46.353216374269,20.074269005847952,37.94269005847953
Peshawar,2,18,0.32339181286549706,18.203508771929826,42.88859649122807
Peshawar,2,19,0.0,17.130409356725146,46.871929824561406
Peshawar,2,20,0.0,16.101754385964913,50.81754385964912
Peshawar,2,21,0.0,15.115497076023392,53.74912280701755
Peshawar,2,22,0.0008771929824561404,14.492397660818712,54.83040935672515
Peshawar,2,23,0.0,13.892690058479532,55.787134502923976
Peshawar,3,0,0.0,16.906451612903226,64.07930107526882
Peshawar,3,1,0.0,16.51478494623656,65.00430107526881
Peshawar,3,2,0.0,16.06048387096774,66.58413978494623
Peshawar,3,3,0.0,15.656451612903226,67.83279569892473
Peshawar,3,4,0.0,15.341397849462366,68.40053763440861
Peshawar,3,5,0.0,15.052688172043013,69.02365591397849
Peshawar,3,6,7.491666666666667,14.925,69.61075268817204
Peshawar,3,7,89.32580645161289,16.013709677419357,66.36505376344086
Peshawar,3,8,240.7521505376344,18.42311827956989,59.791935483870965
Peshawar,3,9,398.8798387096774,20.36209677419355,53.086021505376344
Peshawar,3,10,513.385752688172,21.623118279569894,48.398118279569886
Peshawar,3,11,595.0379032258064,22.761021505376345,45.22849462365591
Peshawar,3,12,590.5075268817204,23.55672043010753,42.714784946236556
Peshawar,3,13,555.108064516129,23.905645161290323,41.76021505376344
Peshawar,3,14,456.27123655913977,23.927956989247313,41.79059139784946
Peshawar,3,15,350.5930107526882,23.932795698924732,41.48602150537634
Peshawar,3,16,223.47930107526884,23.682258064516127,42.230376344086025
Peshawar,3,17,86.1975806451613,22.795698924731184,44.80215053763441
Peshawar,3,18,6.245698924731183,21.291666666666668,49.486559139784944
Peshawar,3,19,0.004032258064516129,20.281720430107526,53.26586021505377
Peshawar,3,20,0.0,19.58790322580645,56.09973118279569
Peshawar,3,21,0.0,18.706989247311828,59.41908602150538
Peshawar,3,22,0.0,18.050537634408602,61.76827956989247
Peshawar,3,23,0.0,17.53709677419355,63.1
Peshawar,4,0,0.00020833333333333335,22.32229166666667,59.175
Peshawar,4,1,0.0014583333333333332,21.881874999999997,60.315625
Peshawar,4,2,0.0022916666666666662,21.326041666666665,61.95333333333333
Peshawar,4,3,0.0016666666666666668,20.793333333333333,63.58166666666667
Peshawar,4,4,0.0,20.360208333333333,64.52083333333333
Peshawar,4,5,1.0970833333333334,19.976041666666667,65.38895833333333
Peshawar,4,6,58.114375,20.550416666666667,63.54375
Peshawar,4,7,206.74208333333334,22.896666666666665,57.34791666666667
Peshawar,4,8,397.264375,25.289166666666667,49.82041666666667
Peshawar,4,9,566.4166666666666,26.934166666666666,43.94770833333334
Peshawar,4,10,691.796875,28.186458333333334,40.299166666666665
Peshawar,4,11,784.5964583333333,29.39875,36.99
Peshawar,4,12,809.7824999999999,30.45125,33.844166666666666
Peshawar,4,13,738.3475,30.980416666666667,32.278333333333336
Peshawar,4,14,596.3064583333332,31.037708333333335,32.299375000000005
Peshawar,4,15,452.2758333333333,30.819583333333334,32.829375
Peshawar,4,16,296.7938144329897,30.388041237113402,33.75608247422681
Peshawar,4,17,144.02181069958849,29.509053497942386,36.26851851851852
Peshawar,4,18,28.043827160493827,27.99732510288066,40.57016460905349
Peshawar,4,19,0.01769547325102881,26.35082304526749,45.97921810699589
Peshawar,4,20,0.007818930041152264,25.384979423868312,49.395679012345674
Peshawar,4,21,0.0024691358024691358,24.44979423868313,52.87304526748971
Peshawar,4,22,0.017078189300411523,23.662345679012343,55.28045267489712
Peshawar,4,23,0.004526748971193416,22.965432098765433,57.21316872427983
Peshawar,5,0,0.0,27.28981233243968,48.79436997319035
Peshawar,5,1,0.0,26.740591397849464,50.00564516129032
Peshawar,5,2,0.0,26.313172043010752,50.30698924731183
Peshawar,5,3,0.0,25.825806451612905,51.60403225806452
Peshawar,5,4,0.0,25.192473118279572,52.73978494623656
Peshawar,5,5,11.063440860215055,24.899193548387096,53.280913978494624
Peshawar,5,6,113.57768817204301,26.1005376344086,50.75510752688172
Peshawar,5,7,295.8680107526882,28.51290322580645,45.395161290322584
Peshawar,5,8,481.73413978494625,30.45483870967742,40.19112903225807
Peshawar,5,9,641.4126344086021,31.846236559139783,36.15725806451613
Peshawar,5,10,753.2709677419355,33.020698924731185,33.436290322580646
Peshawar,5,11,822.805376344086,34.11666666666667,30.79462365591398
Peshawar,5,12,786.1150537634409,34.983333333333334,28.96532258064516
Peshawar,5,13,729.4715053763441,35.34650537634408,28.30537634408602
Peshawar,5,14,597.543817204301,35.38548387096774,28.59489247311828
Peshawar,5,15,459.65215053763444,35.19166666666666,28.379032258064516
Peshawar,5,16,336.1198924731183,34.92715053763441,28.656720430107526
Peshawar,5,17,189.333064516129,34.391397849462365,29.176075268817204
Peshawar,5,18,57.337096774193554,33.15672043010753,32.7505376344086
Peshawar,5,19,1.9478494623655915,31.489247311827956,37.74650537634409
Peshawar,5,20,0.0005376344086021505,30.43198924731183,40.51827956989247
Peshawar,5,21,0.0,29.671236559139786,42.2747311827957
Peshawar,5,22,0.0,28.886559139784943,44.41612903225806
Peshawar,5,23,0.0,28.052956989247313,46.71478494623656
Peshawar,6,0,0.0,29.575555555555557,49.023888888888884
Peshawar,6,1,0.0,28.996944444444445,50.79388888888889
Peshawar,6,2,0.0,28.55388888888889,51.726111111111116
Peshawar,6,3,0.0,28.075833333333332,53.17527777777777
Peshawar,6,4,0.0,27.58861111111111,55.11805555555556
Peshawar,6,5,17.19972222222222,27.3975,55.81444444444445
Peshawar,6,6,124.03722222222223,28.64388888888889,53.01277777777777
Peshawar,6,7,296.40277777777777,30.409444444444443,47.93666666666667
Peshawar,6,8,483.90777777777777,32.10527777777778,43.44361111111111
Peshawar,6,9,656.3430555555556,33.5025,40.46222222222222
Peshawar,6,10,773.5688888888889,34.803888888888885,37.70638888888889
Peshawar,6,11,856.8333333333334,36.0425,34.76416666666667
Peshawar,6,12,878.9322222222222,37.095,32.89416666666666
Peshawar,6,13,809.3511111111112,37.63055555555555,31.221944444444443
Peshawar,6,14,683.3077777777778,37.84444444444444,30.683055555555555
Peshawar,6,15,521.0961111111111,37.54972222222222,31.3225
Peshawar,6,16,379.235,37.17527777777778,31.94888888888889
Peshawar,6,17,230.8141666666667,36.34916666666667,33.278888888888886
Peshawar,6,18,93.79055555555556,35.2725,35.52
Peshawar,6,19,9.311944444444444,33.72361111111111,38.885
Peshawar,6,20,0.003333333333333333,32.53861111111111,41.986111111111114
Peshawar,6,21,0.0,31.74,44.1325
Peshawar,6,22,0.0,31.058611111111112,45.8825
Peshawar,6,23,0.0,30.30388888888889,48.01611111111111
Peshawar,7,0,0.0,29.418010752688172,73.62177419354839
Peshawar,7,1,0.004301075268817204,29.01021505376344,74.76182795698925
Peshawar,7,2,0.009408602150537635,28.540591397849465,76.69408602150538
Peshawar,7,3,0.008333333333333333,28.097580645161287,78.09408602150538
Peshawar,7,4,0.0018817204301075268,27.703225806451613,78.90591397849462
Peshawar,7,5,6.443548387096774,27.53145161290323,79.40806451612903
Peshawar,7,6,75.61182795698925,27.9494623655914,77.875
Peshawar,7,7,212.2290322580645,29.07338709677419,73.55537634408601
Peshawar,7,8,370.3373655913978,30.21532258064516,69.16881720430108
Peshawar,7,9,531.360752688172,31.363172043010753,65.58521505376345
Peshawar,7,10,669.8370967741936,32.47284946236559,62.42956989247312
Peshawar,7,11,733.331182795699,33.44220430107527,59.34327956989247
Peshawar,7,12,768.9760752688171,34.26935483870968,56.70537634408603
Peshawar,7,13,737.375,34.85806451612903,55.04516129032258
Peshawar,7,14,636.6811827956989,34.954032258064515,55.30564516129032
Peshawar,7,15,519.3494623655914,34.96989247311828,54.91021505376344
Peshawar,7,16,355.7373655913978,34.7247311827957,55.791666666666664
Peshawar,7,17,217.28682795698924,34.168010752688176,57.06693548387097
Peshawar,7,18,89.88333333333333,33.30161290322581,59.90376344086022
Peshawar,7,19,9.888172043010753,32.34166666666667,63.368817204301074
Peshawar,7,20,0.0,31.573118279569893,66.63655913978495
Peshawar,7,21,0.0,30.91962365591398,69.3
Peshawar,7,22,0.0,30.319354838709675,71.10672043010753
Peshawar,7,23,0.0,29.756451612903223,72.79784946236559
Peshawar,8,0,0.003494623655913978,27.98763440860215,78.34005376344086
Peshawar,8,1,0.0,27.63817204301075,79.51021505376345
Peshawar,8,2,0.0,27.212903225806453,80.99274193548386
Peshawar,8,3,0.0,26.808870967741935,82.02903225806452
Peshawar,8,4,0.0,26.491129032258065,83.03897849462365
Peshawar,8,5,1.228763440860215,26.183870967741935,83.8010752688172
Peshawar,8,6,50.314516129032256,26.485752688172045,83.09408602150538
Peshawar,8,7,183.3029569892473,28.04220430107527,76.74489247311827
Peshawar,8,8,337.0787634408602,29.43360215053763,70.91559139784945
Peshawar,8,9,515.0709677419354,30.615860215053765,66.62177419354839
Peshawar,8,10,662.783064516129,31.918010752688172,61.97903225806452
Peshawar,8,11,760.4448924731183,33.14758064516129,57.677688172043005
Peshawar,8,12,757.4432795698925,34.18198924731183,54.31801075268817
Peshawar,8,13,668.9021505376344,34.593817204301075,53.0518817204301
Peshawar,8,14,565.0115591397849,34.58252688172043,52.822311827956995
Peshawar,8,15,428.3354838709677,34.09489247311828,54.14354838709678
Peshawar,8,16,273.6241935483871,33.37231182795699,56.16021505376344
Peshawar,8,17,134.47930107526884,32.53010752688172,58.75672043010753
Peshawar,8,18,42.905913978494624,31.5252688172043,62.28118279569892
Peshawar,8,19,1.5349462365591398,30.31451612903226,67.41075268817204
Peshawar,8,20,0.00913978494623656,29.627956989247313,71.22446236559139
Peshawar,8,21,0.0,29.261559139784943,72.90134408602151
Peshawar,8,22,0.0051075268817204296,28.93360215053763,73.9252688172043
Peshawar,8,23,0.0024193548387096775,28.377150537634407,76.18440860215054
Peshawar,9,0,0.0,26.723055555555554,67.60777777777777
Peshawar,9,1,0.0,26.207500000000003,69.15
Peshawar,9,2,0.0,25.775555555555556,70.03305555555556
Peshawar,9,3,0.0016666666666666666,25.331111111111113,71.36138888888888
Peshawar,9,4,0.0016666666666666666,24.910833333333333,73.0625
Peshawar,9,5,0.011111111111111112,24.503333333333334,74.69361111111111
Peshawar,9,6,28.944444444444443,24.52111111111111,74.97555555555556
Peshawar,9,7,160.16944444444445,26.343333333333334,68.65916666666666
Peshawar,9,8,333.8963888888889,28.333055555555553,61.25472222222223
Peshawar,9,9,497.39722222222224,29.684166666666666,56.12444444444444
Peshawar,9,10,624.1705555555556,31.089444444444446,51.90277777777778
Peshawar,9,11,692.6591666666666,32.367222222222225,48.29944444444444
Peshawar,9,12,714.2030555555556,33.474444444444444,45.14805555555555
Peshawar,9,13,664.4547222222222,34.20083333333333,42.280833333333334
Peshawar,9,14,539.61,34.48388888888889,41.07277777777778
Peshawar,9,15,367.0736111111111,34.102777777777774,42.001666666666665
Peshawar,9,16,205.2513888888889,33.43805555555556,44.091944444444444
Peshawar,9,17,77.48,32.25694444444444,47.624722222222225
Peshawar,9,18,7.030555555555556,30.818888888888885,52.76111111111111
Peshawar,9,19,0.0,29.830277777777777,56.90833333333333
Peshawar,9,20,0.0,29.13888888888889,59.73083333333333
Peshawar,9,21,0.0,28.484444444444442,61.39777777777778
Peshawar,9,22,0.0030555555555555557,27.803333333333335,63.912222222222226
Peshawar,9,23,0.008611111111111111,27.19611111111111,66.14388888888888
Peshawar,10,0,0.0,22.34516129032258,62.690053763440865
Peshawar,10,1,0.0,21.84758064516129,63.73870967741935
Peshawar,10,2,0.0,21.341129032258063,64.9483870967742
Peshawar,10,3,0.0,20.876881720430106,65.76048387096775
Peshawar,10,4,0.0016129032258064516,20.521505376344088,66.77499999999999
Peshawar,10,5,0.010483870967741934,20.329838709677418,66.88790322580645
Peshawar,10,6,7.60994623655914,20.068010752688174,67.71478494623656
Peshawar,10,7,96.75779569892474,21.223924731182795,65.02876344086022
Peshawar,10,8,253.1784946236559,23.948655913978495,57.570161290322574
Peshawar,10,9,408.92553763440856,26.01989247311828,51.453225806451606
Peshawar,10,10,521.8142473118279,27.473118279569892,46.196774193548386
Peshawar,10,11,597.725,28.75456989247312,42.11478494623656
Peshawar,10,12,611.7413978494624,29.888709677419357,38.523655913978494
Peshawar,10,13,548.2126344086022,30.463978494623657,36.23844086021506
Peshawar,10,14,422.26989247311826,30.753763440860215,35.373655913978496
Peshawar,10,15,257.9978494623656,30.40510752688172,36.34596774193549
Peshawar,10,16,112.86129032258064,29.397849462365592,39.77956989247312
Peshawar,10,17,18.151075268817205,27.61209677419355,45.24704301075269
Peshawar,10,18,0.011290322580645159,26.01317204301075,50.79139784946237
Peshawar,10,19,0.0005376344086021505,24.99543010752688,54.91478494623656
Peshawar,10,20,0.0034946236559139786,24.180913978494623,57.938709677419354
Peshawar,10,21,0.0,23.423655913978497,60.5513440860215
Peshawar,10,22,0.0,22.935752688172045,61.696774193548386
Peshawar,10,23,0.0,22.501075268817203,62.296505376344086
Peshawar,11,0,0.0,15.352222222222222,64.28194444444445
Peshawar,11,1,0.0,15.020277777777778,64.88805555555555
Peshawar,11,2,0.0,14.696666666666667,64.90722222222222
Peshawar,11,3,0.0,14.415277777777778,64.75527777777778
Peshawar,11,4,0.0,14.113055555555555,64.79277777777779
Peshawar,11,5,0.0,13.927499999999998,64.45166666666667
Peshawar,11,6,0.42972222222222217,13.6425,65.54888888888888
Peshawar,11,7,37.59027777777778,13.959722222222222,65.17583333333333
Peshawar,11,8,151.15277777777777,16.170277777777777,60.24027777777778
Peshawar,11,9,278.05916666666667,18.985277777777778,53.23972222222222
Peshawar,11,10,388.2969444444444,20.830000000000002,47.91861111111111
Peshawar,11,11,448.64222222222224,22.193333333333335,43.156388888888884
Peshawar,11,12,459.5108333333333,23.267777777777777,39.595555555555556
Peshawar,11,13,416.1847222222222,24.005277777777778,37.085
Peshawar,11,14,321.4838888888889,24.294444444444444,36.201388888888886
Peshawar,11,15,194.22277777777776,24.045833333333334,37.18722222222222
Peshawar,11,16,64.23416666666667,22.74888888888889,41.22972222222222
Peshawar,11,17,1.9683333333333335,20.509444444444444,48.33416666666666
Peshawar,11,18,0.0,19.33138888888889,53.49277777777778
Peshawar,11,19,0.0,18.249166666666667,57.63583333333334
Peshawar,11,20,0.0,17.358055555555556,60.1125
Peshawar,11,21,0.0,16.590833333333332,61.595555555555556
Peshawar,11,22,0.0,16.121388888888887,61.83416666666666
Peshawar,11,23,0.0,15.682777777777778,62.41472222222222
Peshawar,12,0,0.0,11.369086021505376,57.62688172043011
Peshawar,12,1,0.0,10.987903225806452,57.24784946236559
Peshawar,12,2,0.0,10.579301075268818,57.568548387096776
Peshawar,12,3,0.0,10.15752688172043,58.70940860215054
Peshawar,12,4,0.0,9.780376344086022,59.13870967741935
Peshawar,12,5,0.0,9.470967741935484,59.64381720430107
Peshawar,12,6,0.0,9.1997311827957,59.77903225806451
Peshawar,12,7,11.839784946236557,9.119086021505376,60.51397849462366
Peshawar,12,8,102.90510752688171,10.786827956989248,57.31021505376344
Peshawar,12,9,231.15779569892473,14.033870967741937,50.18817204301075
Peshawar,12,10,333.22016129032255,16.73037634408602,43.865591397849464
Peshawar,12,11,401.3139784946236,18.338172043010754,39.04274193548387
Peshawar,12,12,414.10241935483873,19.588172043010754,35.07688172043011
Peshawar,12,13,372.84112903225804,20.510752688172044,32.62043010752688
Peshawar,12,14,289.85403225806454,21.05994623655914,30.71962365591398
Peshawar,12,15,170.6731182795699,20.69704301075269,32.4005376344086
Peshawar,12,16,53.82043010752688,19.149731182795698,36.86478494623656
Peshawar,12,17,1.0465053763440861,16.79247311827957,44.351612903225806
Peshawar,12,18,0.0,15.416666666666666,50.05295698924731
Peshawar,12,19,0.0,14.226881720430107,54.26075268817204
Peshawar,12,20,0.00026881720430107527,13.168817204301076,57.546505376344086
Peshawar,12,21,0.0,12.620430107526882,57.946236559139784
Peshawar,12,22,0.0008064516129032259,12.195967741935483,57.17956989247312
Peshawar,12,23,0.0,11.679301075268818,57.65967741935484
